<?xml version="1.0" encoding="UTF-8"?>
<export version="E">
  <design>
    <source>/home/userpz/Documents/KiCad Projects/Argon Core/Argon Core.kicad_sch</source>
    <date>Thu 19 Sep 2024 04:18:04 PM EDT</date>
    <tool>Eeschema 6.0.2+dfsg-1</tool>
    <sheet number="1" name="/" tstamps="/">
      <title_block>
        <title/>
        <company/>
        <rev/>
        <date/>
        <source>Argon Core.kicad_sch</source>
        <comment number="1" value=""/>
        <comment number="2" value=""/>
        <comment number="3" value=""/>
        <comment number="4" value=""/>
        <comment number="5" value=""/>
        <comment number="6" value=""/>
        <comment number="7" value=""/>
        <comment number="8" value=""/>
        <comment number="9" value=""/>
      </title_block>
    </sheet>
  </design>
  <components>
    <comp ref="J1">
      <value>USB_C_Receptacle_USB2.0</value>
      <footprint>Connector_USB:USB_C_Receptacle_GCT_USB4085</footprint>
      <datasheet>https://www.usb.org/sites/default/files/documents/usb_type-c.zip</datasheet>
      <libsource lib="Connector" part="USB_C_Receptacle_USB2.0" description="USB 2.0-only Type-C Receptacle connector"/>
      <property name="Sheetname" value=""/>
      <property name="Sheetfile" value="Argon Core.kicad_sch"/>
      <sheetpath names="/" tstamps="/"/>
      <tstamps>df0facb5-5d71-4cac-a2f4-941e7682ca28</tstamps>
    </comp>
    <comp ref="R1">
      <value>5k1</value>
      <fields>
        <field name="MPN">694106301002</field>
      </fields>
      <libsource lib="Device" part="R" description="Resistor"/>
      <property name="MPN" value="694106301002"/>
      <property name="Sheetname" value=""/>
      <property name="Sheetfile" value="Argon Core.kicad_sch"/>
      <sheetpath names="/" tstamps="/"/>
      <tstamps>2e606172-1a86-47a1-853c-6f869eac43a6</tstamps>
    </comp>
    <comp ref="R2">
      <value>5k1</value>
      <fields>
        <field name="MPN">694106301002</field>
      </fields>
      <libsource lib="Device" part="R" description="Resistor"/>
      <property name="MPN" value="694106301002"/>
      <property name="Sheetname" value=""/>
      <property name="Sheetfile" value="Argon Core.kicad_sch"/>
      <sheetpath names="/" tstamps="/"/>
      <tstamps>f84f0aad-79f2-4bd7-bb35-f56f8e0ea461</tstamps>
    </comp>
    <comp ref="U1">
      <value>ICE40HX4K-TQ144</value>
      <footprint>Package_QFP:TQFP-144_20x20mm_P0.5mm</footprint>
      <datasheet>http://www.latticesemi.com/Products/FPGAandCPLD/iCE40</datasheet>
      <libsource lib="FPGA_Lattice" part="ICE40HX4K-TQ144" description="iCE40 HX FPGA, 3520 LUTs, 1.2V, TQFP-144"/>
      <property name="Sheetname" value=""/>
      <property name="Sheetfile" value="Argon Core.kicad_sch"/>
      <sheetpath names="/" tstamps="/"/>
      <tstamps>f88c21c5-2a57-43db-90d2-6edb95829507 b1086f75-01ba-4188-8d36-75a9e2828ca9 d738ee88-2b80-4bb4-9428-856217969013 a0fa8234-8777-4a66-8b79-9ecbb37d6605 4ca1471d-e84a-43e6-9ec2-ac5bbbc86c1a</tstamps>
    </comp>
    <comp ref="U2">
      <value>AZ1117-1.2</value>
      <footprint>Package_TO_SOT_SMD:SOT-223-3_TabPin2</footprint>
      <datasheet>https://www.diodes.com/assets/Datasheets/AZ1117.pdf</datasheet>
      <libsource lib="Regulator_Linear" part="AZ1117-1.2" description="1A 20V Fixed LDO Linear Regulator, 1.2V, SOT-89/SOT-223/TO-220/TO-252/TO-263"/>
      <property name="Sheetname" value=""/>
      <property name="Sheetfile" value="Argon Core.kicad_sch"/>
      <sheetpath names="/" tstamps="/"/>
      <tstamps>5fe30713-f32d-4628-896e-f8d8cbe2b96c</tstamps>
    </comp>
    <comp ref="U3">
      <value>AP1117-18</value>
      <footprint>Package_TO_SOT_SMD:SOT-223-3_TabPin2</footprint>
      <datasheet>http://www.diodes.com/datasheets/AP1117.pdf</datasheet>
      <libsource lib="Regulator_Linear" part="AP1117-18" description="1A Low Dropout regulator, positive, 1.8V fixed output, SOT-223"/>
      <property name="Sheetname" value=""/>
      <property name="Sheetfile" value="Argon Core.kicad_sch"/>
      <sheetpath names="/" tstamps="/"/>
      <tstamps>5746f478-4da0-4313-9bc5-c21d9ac9e18e</tstamps>
    </comp>
    <comp ref="U4">
      <value>AP1117-33</value>
      <footprint>Package_TO_SOT_SMD:SOT-223-3_TabPin2</footprint>
      <datasheet>http://www.diodes.com/datasheets/AP1117.pdf</datasheet>
      <libsource lib="Regulator_Linear" part="AP1117-33" description="1A Low Dropout regulator, positive, 3.3V fixed output, SOT-223"/>
      <property name="Sheetname" value=""/>
      <property name="Sheetfile" value="Argon Core.kicad_sch"/>
      <sheetpath names="/" tstamps="/"/>
      <tstamps>b593c656-dd66-4e34-91b5-0c77aac223b4</tstamps>
    </comp>
    <comp ref="U5">
      <value>FT2232HQ</value>
      <footprint>Package_DFN_QFN:QFN-64-1EP_9x9mm_P0.5mm_EP4.35x4.35mm</footprint>
      <datasheet>https://www.ftdichip.com/Support/Documents/DataSheets/ICs/DS_FT2232H.pdf</datasheet>
      <libsource lib="Interface_USB" part="FT2232HQ" description="Hi Speed Double Channel USB UART/FIFO, QFN-64"/>
      <property name="Sheetname" value=""/>
      <property name="Sheetfile" value="Argon Core.kicad_sch"/>
      <sheetpath names="/" tstamps="/"/>
      <tstamps>20b2d051-ac5f-45f9-856f-719141777ed4</tstamps>
    </comp>
  </components>
  <libparts>
    <libpart lib="Connector" part="USB_C_Receptacle_USB2.0">
      <description>USB 2.0-only Type-C Receptacle connector</description>
      <docs>https://www.usb.org/sites/default/files/documents/usb_type-c.zip</docs>
      <footprints>
        <fp>USB*C*Receptacle*</fp>
      </footprints>
      <fields>
        <field name="Reference">J</field>
        <field name="Value">USB_C_Receptacle_USB2.0</field>
        <field name="Datasheet">https://www.usb.org/sites/default/files/documents/usb_type-c.zip</field>
      </fields>
      <pins>
        <pin num="A1" name="GND" type="passive"/>
        <pin num="A4" name="VBUS" type="passive"/>
        <pin num="A5" name="CC1" type="bidirectional"/>
        <pin num="A6" name="D+" type="bidirectional"/>
        <pin num="A7" name="D-" type="bidirectional"/>
        <pin num="A8" name="SBU1" type="bidirectional"/>
        <pin num="A9" name="VBUS" type="passive"/>
        <pin num="A12" name="GND" type="passive"/>
        <pin num="B1" name="GND" type="passive"/>
        <pin num="B4" name="VBUS" type="passive"/>
        <pin num="B5" name="CC2" type="bidirectional"/>
        <pin num="B6" name="D+" type="bidirectional"/>
        <pin num="B7" name="D-" type="bidirectional"/>
        <pin num="B8" name="SBU2" type="bidirectional"/>
        <pin num="B9" name="VBUS" type="passive"/>
        <pin num="B12" name="GND" type="passive"/>
        <pin num="S1" name="SHIELD" type="passive"/>
      </pins>
    </libpart>
    <libpart lib="Device" part="R">
      <description>Resistor</description>
      <docs>~</docs>
      <footprints>
        <fp>R_*</fp>
      </footprints>
      <fields>
        <field name="Reference">R</field>
        <field name="Value">R</field>
        <field name="Datasheet">~</field>
      </fields>
      <pins>
        <pin num="1" name="" type="passive"/>
        <pin num="2" name="" type="passive"/>
      </pins>
    </libpart>
    <libpart lib="FPGA_Lattice" part="ICE40HX4K-TQ144">
      <description>iCE40 HX FPGA, 3520 LUTs, 1.2V, TQFP-144</description>
      <docs>http://www.latticesemi.com/Products/FPGAandCPLD/iCE40</docs>
      <footprints>
        <fp>TQFP*20x20mm*P0.5mm*</fp>
      </footprints>
      <fields>
        <field name="Reference">U</field>
        <field name="Value">ICE40HX4K-TQ144</field>
        <field name="Footprint">Package_QFP:TQFP-144_20x20mm_P0.5mm</field>
        <field name="Datasheet">http://www.latticesemi.com/Products/FPGAandCPLD/iCE40</field>
      </fields>
      <pins>
        <pin num="1" name="IOL_2A" type="bidirectional"/>
        <pin num="2" name="IOL_2B" type="bidirectional"/>
        <pin num="3" name="IOL_3A" type="bidirectional"/>
        <pin num="4" name="IOL_3B" type="bidirectional"/>
        <pin num="5" name="GND" type="power_in"/>
        <pin num="6" name="VCCIO_3" type="power_in"/>
        <pin num="7" name="IOL_4A" type="bidirectional"/>
        <pin num="8" name="IOL_4B" type="bidirectional"/>
        <pin num="9" name="IOL_5A" type="bidirectional"/>
        <pin num="10" name="IOL_5B" type="bidirectional"/>
        <pin num="11" name="IOL_8A" type="bidirectional"/>
        <pin num="12" name="IOL_8B" type="bidirectional"/>
        <pin num="13" name="GND" type="passive"/>
        <pin num="14" name="GND" type="passive"/>
        <pin num="15" name="IOL_10A" type="bidirectional"/>
        <pin num="16" name="IOL_10B" type="bidirectional"/>
        <pin num="17" name="IOL_12A" type="bidirectional"/>
        <pin num="18" name="IOL_12B" type="bidirectional"/>
        <pin num="19" name="IOL_13A" type="bidirectional"/>
        <pin num="20" name="IOL_13B_GBIN7" type="bidirectional"/>
        <pin num="21" name="IOL_14A_GBIN6" type="bidirectional"/>
        <pin num="22" name="IOL_14B" type="bidirectional"/>
        <pin num="23" name="IOL_17A" type="bidirectional"/>
        <pin num="24" name="IOL_17B" type="bidirectional"/>
        <pin num="25" name="IOL_18A" type="bidirectional"/>
        <pin num="26" name="IOL_18B" type="bidirectional"/>
        <pin num="27" name="VCC" type="power_in"/>
        <pin num="28" name="IOL_23A" type="bidirectional"/>
        <pin num="29" name="IOL_23B" type="bidirectional"/>
        <pin num="30" name="VCCIO_3" type="passive"/>
        <pin num="31" name="IOL_24A" type="bidirectional"/>
        <pin num="32" name="IOL_24B" type="bidirectional"/>
        <pin num="33" name="IOL_25A" type="bidirectional"/>
        <pin num="34" name="IOL_25B" type="bidirectional"/>
        <pin num="35" name="NC" type="no_connect"/>
        <pin num="36" name="NC" type="no_connect"/>
        <pin num="37" name="IOB_56" type="bidirectional"/>
        <pin num="38" name="IOB_57" type="bidirectional"/>
        <pin num="39" name="IOB_61" type="bidirectional"/>
        <pin num="40" name="VCC" type="passive"/>
        <pin num="41" name="IOB_63" type="bidirectional"/>
        <pin num="42" name="IOB_64" type="bidirectional"/>
        <pin num="43" name="IOB_71" type="bidirectional"/>
        <pin num="44" name="IOB_72" type="bidirectional"/>
        <pin num="45" name="IOB_73" type="bidirectional"/>
        <pin num="46" name="VCCIO_2" type="power_in"/>
        <pin num="47" name="IOB_79" type="bidirectional"/>
        <pin num="48" name="IOB_80" type="bidirectional"/>
        <pin num="49" name="IOB_81_GBIN5" type="bidirectional"/>
        <pin num="50" name="NC" type="no_connect"/>
        <pin num="51" name="NC" type="no_connect"/>
        <pin num="52" name="IOB_82_GBIN4" type="bidirectional"/>
        <pin num="53" name="GNDPLL0" type="power_in"/>
        <pin num="54" name="VCCPLL0" type="power_in"/>
        <pin num="55" name="IOB_91" type="bidirectional"/>
        <pin num="56" name="IOB_94" type="bidirectional"/>
        <pin num="57" name="VCCIO_2" type="passive"/>
        <pin num="58" name="NC" type="no_connect"/>
        <pin num="59" name="GND" type="passive"/>
        <pin num="60" name="IOB_95" type="bidirectional"/>
        <pin num="61" name="IOB_96" type="bidirectional"/>
        <pin num="62" name="IOB_102" type="bidirectional"/>
        <pin num="63" name="IOB_103_CBSEL0" type="bidirectional"/>
        <pin num="64" name="IOB_104_CBSEL1" type="bidirectional"/>
        <pin num="65" name="CDONE" type="open_collector"/>
        <pin num="66" name="~{CRESET}" type="input"/>
        <pin num="67" name="IOB_105_SDO" type="bidirectional"/>
        <pin num="68" name="IOB_106_SDI" type="bidirectional"/>
        <pin num="69" name="GND" type="passive"/>
        <pin num="70" name="IOB_107_SCK" type="bidirectional"/>
        <pin num="71" name="IOB_108_SS" type="bidirectional"/>
        <pin num="72" name="VCC_SPI" type="power_in"/>
        <pin num="73" name="IOR_109" type="bidirectional"/>
        <pin num="74" name="IOR_110" type="bidirectional"/>
        <pin num="75" name="IOR_111" type="bidirectional"/>
        <pin num="76" name="IOR_112" type="bidirectional"/>
        <pin num="77" name="NC" type="no_connect"/>
        <pin num="78" name="IOR_114" type="bidirectional"/>
        <pin num="79" name="IOR_115" type="bidirectional"/>
        <pin num="80" name="IOR_116" type="bidirectional"/>
        <pin num="81" name="IOR_117" type="bidirectional"/>
        <pin num="82" name="IOR_118" type="bidirectional"/>
        <pin num="83" name="IOR_119" type="bidirectional"/>
        <pin num="84" name="IOR_120" type="bidirectional"/>
        <pin num="85" name="IOR_128" type="bidirectional"/>
        <pin num="86" name="GND" type="passive"/>
        <pin num="87" name="IOR_136" type="bidirectional"/>
        <pin num="88" name="IOR_137" type="bidirectional"/>
        <pin num="89" name="VCCIO_1" type="power_in"/>
        <pin num="90" name="IOR_138" type="bidirectional"/>
        <pin num="91" name="IOR_139" type="bidirectional"/>
        <pin num="92" name="VCC" type="passive"/>
        <pin num="93" name="IOR_140_GBIN3" type="bidirectional"/>
        <pin num="94" name="IOR_141_GBIN2" type="bidirectional"/>
        <pin num="95" name="IOR_144" type="bidirectional"/>
        <pin num="96" name="IOR_146" type="bidirectional"/>
        <pin num="97" name="IOR_147" type="bidirectional"/>
        <pin num="98" name="IOR_148" type="bidirectional"/>
        <pin num="99" name="IOR_152" type="bidirectional"/>
        <pin num="100" name="VCCIO_1" type="passive"/>
        <pin num="101" name="IOR_160" type="bidirectional"/>
        <pin num="102" name="IOR_161" type="bidirectional"/>
        <pin num="103" name="GND" type="passive"/>
        <pin num="104" name="IOR_164" type="bidirectional"/>
        <pin num="105" name="IOR_165" type="bidirectional"/>
        <pin num="106" name="IOR_166" type="bidirectional"/>
        <pin num="107" name="IOR_167" type="bidirectional"/>
        <pin num="108" name="VPP_2V5" type="power_in"/>
        <pin num="109" name="VPP_FAST" type="power_in"/>
        <pin num="110" name="IOT_168" type="bidirectional"/>
        <pin num="111" name="VCC" type="passive"/>
        <pin num="112" name="IOT_169" type="bidirectional"/>
        <pin num="113" name="IOT_170" type="bidirectional"/>
        <pin num="114" name="IOT_171" type="bidirectional"/>
        <pin num="115" name="IOT_172" type="bidirectional"/>
        <pin num="116" name="IOT_173" type="bidirectional"/>
        <pin num="117" name="IOT_174" type="bidirectional"/>
        <pin num="118" name="IOT_177" type="bidirectional"/>
        <pin num="119" name="IOT_178" type="bidirectional"/>
        <pin num="120" name="IOT_179" type="bidirectional"/>
        <pin num="121" name="IOT_181" type="bidirectional"/>
        <pin num="122" name="IOT_190" type="bidirectional"/>
        <pin num="123" name="VCCIO_0" type="power_in"/>
        <pin num="124" name="IOT_191" type="bidirectional"/>
        <pin num="125" name="IOT_192" type="bidirectional"/>
        <pin num="126" name="VCCPLL1" type="power_in"/>
        <pin num="127" name="GNDPLL1" type="power_in"/>
        <pin num="128" name="IOT_197_GBIN1" type="bidirectional"/>
        <pin num="129" name="IOT_198_GBIN0" type="bidirectional"/>
        <pin num="130" name="IOT_206" type="bidirectional"/>
        <pin num="131" name="VCCIO_0" type="passive"/>
        <pin num="132" name="GND" type="passive"/>
        <pin num="133" name="NC" type="no_connect"/>
        <pin num="134" name="IOT_212" type="bidirectional"/>
        <pin num="135" name="IOT_213" type="bidirectional"/>
        <pin num="136" name="IOT_214" type="bidirectional"/>
        <pin num="137" name="IOT_215" type="bidirectional"/>
        <pin num="138" name="IOT_216" type="bidirectional"/>
        <pin num="139" name="IOT_217" type="bidirectional"/>
        <pin num="140" name="GND" type="passive"/>
        <pin num="141" name="IOT_219" type="bidirectional"/>
        <pin num="142" name="IOT_220" type="bidirectional"/>
        <pin num="143" name="IOT_221" type="bidirectional"/>
        <pin num="144" name="IOT_222" type="bidirectional"/>
      </pins>
    </libpart>
    <libpart lib="Interface_USB" part="FT2232HQ">
      <description>Hi Speed Double Channel USB UART/FIFO, QFN-64</description>
      <docs>https://www.ftdichip.com/Support/Documents/DataSheets/ICs/DS_FT2232H.pdf</docs>
      <footprints>
        <fp>QFN*1EP*9x9mm*P0.5mm*</fp>
      </footprints>
      <fields>
        <field name="Reference">U</field>
        <field name="Value">FT2232HQ</field>
        <field name="Footprint">Package_DFN_QFN:QFN-64-1EP_9x9mm_P0.5mm_EP4.35x4.35mm</field>
        <field name="Datasheet">https://www.ftdichip.com/Support/Documents/DataSheets/ICs/DS_FT2232H.pdf</field>
      </fields>
      <pins>
        <pin num="1" name="GND" type="power_in"/>
        <pin num="2" name="OSCI" type="input"/>
        <pin num="3" name="OSCO" type="output"/>
        <pin num="4" name="VPHY" type="power_in"/>
        <pin num="5" name="GND" type="power_in"/>
        <pin num="6" name="REF" type="output"/>
        <pin num="7" name="DM" type="bidirectional"/>
        <pin num="8" name="DP" type="bidirectional"/>
        <pin num="9" name="VPLL" type="input"/>
        <pin num="10" name="AGND" type="power_in"/>
        <pin num="11" name="GND" type="power_in"/>
        <pin num="12" name="VCORE" type="power_in"/>
        <pin num="13" name="TEST" type="input"/>
        <pin num="14" name="~{RESET}" type="input"/>
        <pin num="15" name="GND" type="power_in"/>
        <pin num="16" name="ADBUS0" type="bidirectional"/>
        <pin num="17" name="ADBUS1" type="bidirectional"/>
        <pin num="18" name="ADBUS2" type="bidirectional"/>
        <pin num="19" name="ADBUS3" type="bidirectional"/>
        <pin num="20" name="VCCIO" type="power_in"/>
        <pin num="21" name="ADBUS4" type="bidirectional"/>
        <pin num="22" name="ADBUS5" type="bidirectional"/>
        <pin num="23" name="ADBUS6" type="bidirectional"/>
        <pin num="24" name="ADBUS7" type="bidirectional"/>
        <pin num="25" name="GND" type="power_in"/>
        <pin num="26" name="ACBUS0" type="bidirectional"/>
        <pin num="27" name="ACBUS1" type="bidirectional"/>
        <pin num="28" name="ACBUS2" type="bidirectional"/>
        <pin num="29" name="ACBUS3" type="bidirectional"/>
        <pin num="30" name="ACBUS4" type="bidirectional"/>
        <pin num="31" name="VCCIO" type="power_in"/>
        <pin num="32" name="ACBUS5" type="bidirectional"/>
        <pin num="33" name="ACBUS6" type="bidirectional"/>
        <pin num="34" name="ACBUS7" type="bidirectional"/>
        <pin num="35" name="GND" type="power_in"/>
        <pin num="36" name="~{SUSPEND}" type="output"/>
        <pin num="37" name="VCORE" type="power_in"/>
        <pin num="38" name="BDBUS0" type="bidirectional"/>
        <pin num="39" name="BDBUS1" type="bidirectional"/>
        <pin num="40" name="BDBUS2" type="bidirectional"/>
        <pin num="41" name="BDBUS3" type="bidirectional"/>
        <pin num="42" name="VCCIO" type="power_in"/>
        <pin num="43" name="BDBUS4" type="bidirectional"/>
        <pin num="44" name="BDBUS5" type="bidirectional"/>
        <pin num="45" name="BDBUS6" type="bidirectional"/>
        <pin num="46" name="BDBUS7" type="bidirectional"/>
        <pin num="47" name="GND" type="power_in"/>
        <pin num="48" name="BCBUS0" type="bidirectional"/>
        <pin num="49" name="VREGOUT" type="power_out"/>
        <pin num="50" name="VREGIN" type="power_in"/>
        <pin num="51" name="GND" type="power_in"/>
        <pin num="52" name="BCBUS1" type="bidirectional"/>
        <pin num="53" name="BCBUS2" type="bidirectional"/>
        <pin num="54" name="BCBUS3" type="bidirectional"/>
        <pin num="55" name="BCBUS4" type="bidirectional"/>
        <pin num="56" name="VCCIO" type="power_in"/>
        <pin num="57" name="BCBUS5" type="bidirectional"/>
        <pin num="58" name="BCBUS6" type="bidirectional"/>
        <pin num="59" name="BCBUS7" type="bidirectional"/>
        <pin num="60" name="~{PWREN}" type="output"/>
        <pin num="61" name="EEDATA" type="bidirectional"/>
        <pin num="62" name="EECLK" type="output"/>
        <pin num="63" name="EECS" type="output"/>
        <pin num="64" name="VCORE" type="power_in"/>
        <pin num="65" name="GND" type="power_in"/>
      </pins>
    </libpart>
    <libpart lib="Regulator_Linear" part="AP1117-18">
      <description>1A Low Dropout regulator, positive, 1.8V fixed output, SOT-223</description>
      <docs>http://www.diodes.com/datasheets/AP1117.pdf</docs>
      <footprints>
        <fp>SOT?223*TabPin2*</fp>
      </footprints>
      <fields>
        <field name="Reference">U</field>
        <field name="Value">AP1117-18</field>
        <field name="Footprint">Package_TO_SOT_SMD:SOT-223-3_TabPin2</field>
        <field name="Datasheet">http://www.diodes.com/datasheets/AP1117.pdf</field>
      </fields>
      <pins>
        <pin num="1" name="GND" type="power_in"/>
        <pin num="2" name="VO" type="power_out"/>
        <pin num="3" name="VI" type="power_in"/>
      </pins>
    </libpart>
    <libpart lib="Regulator_Linear" part="AP1117-33">
      <description>1A Low Dropout regulator, positive, 3.3V fixed output, SOT-223</description>
      <docs>http://www.diodes.com/datasheets/AP1117.pdf</docs>
      <footprints>
        <fp>SOT?223*TabPin2*</fp>
      </footprints>
      <fields>
        <field name="Reference">U</field>
        <field name="Value">AP1117-33</field>
        <field name="Footprint">Package_TO_SOT_SMD:SOT-223-3_TabPin2</field>
        <field name="Datasheet">http://www.diodes.com/datasheets/AP1117.pdf</field>
      </fields>
      <pins>
        <pin num="1" name="GND" type="power_in"/>
        <pin num="2" name="VO" type="power_out"/>
        <pin num="3" name="VI" type="power_in"/>
      </pins>
    </libpart>
    <libpart lib="Regulator_Linear" part="AZ1117-1.2">
      <description>1A 20V Fixed LDO Linear Regulator, 1.2V, SOT-89/SOT-223/TO-220/TO-252/TO-263</description>
      <docs>https://www.diodes.com/assets/Datasheets/AZ1117.pdf</docs>
      <footprints>
        <fp>SOT?223*</fp>
        <fp>SOT?89*</fp>
        <fp>TO?220*</fp>
        <fp>TO?252*</fp>
        <fp>TO?263*</fp>
      </footprints>
      <fields>
        <field name="Reference">U</field>
        <field name="Value">AZ1117-1.2</field>
        <field name="Datasheet">https://www.diodes.com/assets/Datasheets/AZ1117.pdf</field>
      </fields>
      <pins>
        <pin num="1" name="GND" type="power_in"/>
        <pin num="2" name="VO" type="power_out"/>
        <pin num="3" name="VI" type="power_in"/>
      </pins>
    </libpart>
  </libparts>
  <libraries>
    <library logical="Connector">
      <uri>/usr/share/kicad/symbols//Connector.kicad_sym</uri>
    </library>
    <library logical="Device">
      <uri>/usr/share/kicad/symbols//Device.kicad_sym</uri>
    </library>
    <library logical="FPGA_Lattice">
      <uri>/usr/share/kicad/symbols//FPGA_Lattice.kicad_sym</uri>
    </library>
    <library logical="Interface_USB">
      <uri>/usr/share/kicad/symbols//Interface_USB.kicad_sym</uri>
    </library>
    <library logical="Regulator_Linear">
      <uri>/usr/share/kicad/symbols//Regulator_Linear.kicad_sym</uri>
    </library>
  </libraries>
  <nets>
    <net code="1" name="+1V2">
      <node ref="U2" pin="2" pinfunction="VO" pintype="power_out"/>
    </net>
    <net code="2" name="+1V8">
      <node ref="U3" pin="2" pinfunction="VO" pintype="power_out"/>
    </net>
    <net code="3" name="+3V3">
      <node ref="U4" pin="2" pinfunction="VO" pintype="power_out"/>
    </net>
    <net code="4" name="GND">
      <node ref="J1" pin="A1" pinfunction="GND" pintype="passive"/>
      <node ref="J1" pin="A12" pinfunction="GND" pintype="passive"/>
      <node ref="J1" pin="B1" pinfunction="GND" pintype="passive"/>
      <node ref="J1" pin="B12" pinfunction="GND" pintype="passive"/>
      <node ref="J1" pin="S1" pinfunction="SHIELD" pintype="passive"/>
      <node ref="R1" pin="2" pintype="passive"/>
      <node ref="R2" pin="2" pintype="passive"/>
      <node ref="U2" pin="1" pinfunction="GND" pintype="power_in"/>
      <node ref="U3" pin="1" pinfunction="GND" pintype="power_in"/>
      <node ref="U4" pin="1" pinfunction="GND" pintype="power_in"/>
    </net>
    <net code="5" name="Net-(J1-PadA5)">
      <node ref="J1" pin="A5" pinfunction="CC1" pintype="bidirectional"/>
      <node ref="R1" pin="1" pintype="passive"/>
    </net>
    <net code="6" name="Net-(J1-PadB5)">
      <node ref="J1" pin="B5" pinfunction="CC2" pintype="bidirectional"/>
      <node ref="R2" pin="1" pintype="passive"/>
    </net>
    <net code="7" name="Net-(U1-Pad30)">
      <node ref="U1" pin="30" pinfunction="VCCIO_3" pintype="passive"/>
      <node ref="U1" pin="6" pinfunction="VCCIO_3" pintype="power_in"/>
    </net>
    <net code="8" name="Net-(U1-Pad46)">
      <node ref="U1" pin="46" pinfunction="VCCIO_2" pintype="power_in"/>
      <node ref="U1" pin="57" pinfunction="VCCIO_2" pintype="passive"/>
    </net>
    <net code="9" name="Net-(U1-Pad100)">
      <node ref="U1" pin="100" pinfunction="VCCIO_1" pintype="passive"/>
      <node ref="U1" pin="89" pinfunction="VCCIO_1" pintype="power_in"/>
    </net>
    <net code="10" name="Net-(U1-Pad103)">
      <node ref="U1" pin="103" pinfunction="GND" pintype="passive"/>
      <node ref="U1" pin="13" pinfunction="GND" pintype="passive"/>
      <node ref="U1" pin="132" pinfunction="GND" pintype="passive"/>
      <node ref="U1" pin="14" pinfunction="GND" pintype="passive"/>
      <node ref="U1" pin="140" pinfunction="GND" pintype="passive"/>
      <node ref="U1" pin="5" pinfunction="GND" pintype="power_in"/>
      <node ref="U1" pin="59" pinfunction="GND" pintype="passive"/>
      <node ref="U1" pin="69" pinfunction="GND" pintype="passive"/>
      <node ref="U1" pin="86" pinfunction="GND" pintype="passive"/>
    </net>
    <net code="11" name="Net-(U1-Pad111)">
      <node ref="U1" pin="111" pinfunction="VCC" pintype="passive"/>
      <node ref="U1" pin="27" pinfunction="VCC" pintype="power_in"/>
      <node ref="U1" pin="40" pinfunction="VCC" pintype="passive"/>
      <node ref="U1" pin="92" pinfunction="VCC" pintype="passive"/>
    </net>
    <net code="12" name="Net-(U1-Pad123)">
      <node ref="U1" pin="123" pinfunction="VCCIO_0" pintype="power_in"/>
      <node ref="U1" pin="131" pinfunction="VCCIO_0" pintype="passive"/>
    </net>
    <net code="13" name="USB_DM">
      <node ref="J1" pin="A7" pinfunction="D-" pintype="bidirectional"/>
      <node ref="J1" pin="B7" pinfunction="D-" pintype="bidirectional"/>
    </net>
    <net code="14" name="USB_DP">
      <node ref="J1" pin="A6" pinfunction="D+" pintype="bidirectional"/>
      <node ref="J1" pin="B6" pinfunction="D+" pintype="bidirectional"/>
    </net>
    <net code="15" name="USB_VBUS">
      <node ref="J1" pin="A4" pinfunction="VBUS" pintype="passive"/>
      <node ref="J1" pin="A9" pinfunction="VBUS" pintype="passive"/>
      <node ref="J1" pin="B4" pinfunction="VBUS" pintype="passive"/>
      <node ref="J1" pin="B9" pinfunction="VBUS" pintype="passive"/>
    </net>
    <net code="16" name="unconnected-(J1-PadA8)">
      <node ref="J1" pin="A8" pinfunction="SBU1" pintype="bidirectional+no_connect"/>
    </net>
    <net code="17" name="unconnected-(J1-PadB8)">
      <node ref="J1" pin="B8" pinfunction="SBU2" pintype="bidirectional+no_connect"/>
    </net>
    <net code="18" name="unconnected-(U1-Pad1)">
      <node ref="U1" pin="1" pinfunction="IOL_2A" pintype="bidirectional"/>
    </net>
    <net code="19" name="unconnected-(U1-Pad2)">
      <node ref="U1" pin="2" pinfunction="IOL_2B" pintype="bidirectional"/>
    </net>
    <net code="20" name="unconnected-(U1-Pad3)">
      <node ref="U1" pin="3" pinfunction="IOL_3A" pintype="bidirectional"/>
    </net>
    <net code="21" name="unconnected-(U1-Pad4)">
      <node ref="U1" pin="4" pinfunction="IOL_3B" pintype="bidirectional"/>
    </net>
    <net code="22" name="unconnected-(U1-Pad7)">
      <node ref="U1" pin="7" pinfunction="IOL_4A" pintype="bidirectional"/>
    </net>
    <net code="23" name="unconnected-(U1-Pad8)">
      <node ref="U1" pin="8" pinfunction="IOL_4B" pintype="bidirectional"/>
    </net>
    <net code="24" name="unconnected-(U1-Pad9)">
      <node ref="U1" pin="9" pinfunction="IOL_5A" pintype="bidirectional"/>
    </net>
    <net code="25" name="unconnected-(U1-Pad10)">
      <node ref="U1" pin="10" pinfunction="IOL_5B" pintype="bidirectional"/>
    </net>
    <net code="26" name="unconnected-(U1-Pad11)">
      <node ref="U1" pin="11" pinfunction="IOL_8A" pintype="bidirectional"/>
    </net>
    <net code="27" name="unconnected-(U1-Pad12)">
      <node ref="U1" pin="12" pinfunction="IOL_8B" pintype="bidirectional"/>
    </net>
    <net code="28" name="unconnected-(U1-Pad15)">
      <node ref="U1" pin="15" pinfunction="IOL_10A" pintype="bidirectional"/>
    </net>
    <net code="29" name="unconnected-(U1-Pad16)">
      <node ref="U1" pin="16" pinfunction="IOL_10B" pintype="bidirectional"/>
    </net>
    <net code="30" name="unconnected-(U1-Pad17)">
      <node ref="U1" pin="17" pinfunction="IOL_12A" pintype="bidirectional"/>
    </net>
    <net code="31" name="unconnected-(U1-Pad18)">
      <node ref="U1" pin="18" pinfunction="IOL_12B" pintype="bidirectional"/>
    </net>
    <net code="32" name="unconnected-(U1-Pad19)">
      <node ref="U1" pin="19" pinfunction="IOL_13A" pintype="bidirectional"/>
    </net>
    <net code="33" name="unconnected-(U1-Pad20)">
      <node ref="U1" pin="20" pinfunction="IOL_13B_GBIN7" pintype="bidirectional"/>
    </net>
    <net code="34" name="unconnected-(U1-Pad21)">
      <node ref="U1" pin="21" pinfunction="IOL_14A_GBIN6" pintype="bidirectional"/>
    </net>
    <net code="35" name="unconnected-(U1-Pad22)">
      <node ref="U1" pin="22" pinfunction="IOL_14B" pintype="bidirectional"/>
    </net>
    <net code="36" name="unconnected-(U1-Pad23)">
      <node ref="U1" pin="23" pinfunction="IOL_17A" pintype="bidirectional"/>
    </net>
    <net code="37" name="unconnected-(U1-Pad24)">
      <node ref="U1" pin="24" pinfunction="IOL_17B" pintype="bidirectional"/>
    </net>
    <net code="38" name="unconnected-(U1-Pad25)">
      <node ref="U1" pin="25" pinfunction="IOL_18A" pintype="bidirectional"/>
    </net>
    <net code="39" name="unconnected-(U1-Pad26)">
      <node ref="U1" pin="26" pinfunction="IOL_18B" pintype="bidirectional"/>
    </net>
    <net code="40" name="unconnected-(U1-Pad28)">
      <node ref="U1" pin="28" pinfunction="IOL_23A" pintype="bidirectional"/>
    </net>
    <net code="41" name="unconnected-(U1-Pad29)">
      <node ref="U1" pin="29" pinfunction="IOL_23B" pintype="bidirectional"/>
    </net>
    <net code="42" name="unconnected-(U1-Pad31)">
      <node ref="U1" pin="31" pinfunction="IOL_24A" pintype="bidirectional"/>
    </net>
    <net code="43" name="unconnected-(U1-Pad32)">
      <node ref="U1" pin="32" pinfunction="IOL_24B" pintype="bidirectional"/>
    </net>
    <net code="44" name="unconnected-(U1-Pad33)">
      <node ref="U1" pin="33" pinfunction="IOL_25A" pintype="bidirectional"/>
    </net>
    <net code="45" name="unconnected-(U1-Pad34)">
      <node ref="U1" pin="34" pinfunction="IOL_25B" pintype="bidirectional"/>
    </net>
    <net code="46" name="unconnected-(U1-Pad35)">
      <node ref="U1" pin="35" pinfunction="NC" pintype="no_connect"/>
    </net>
    <net code="47" name="unconnected-(U1-Pad36)">
      <node ref="U1" pin="36" pinfunction="NC" pintype="no_connect"/>
    </net>
    <net code="48" name="unconnected-(U1-Pad37)">
      <node ref="U1" pin="37" pinfunction="IOB_56" pintype="bidirectional"/>
    </net>
    <net code="49" name="unconnected-(U1-Pad38)">
      <node ref="U1" pin="38" pinfunction="IOB_57" pintype="bidirectional"/>
    </net>
    <net code="50" name="unconnected-(U1-Pad39)">
      <node ref="U1" pin="39" pinfunction="IOB_61" pintype="bidirectional"/>
    </net>
    <net code="51" name="unconnected-(U1-Pad41)">
      <node ref="U1" pin="41" pinfunction="IOB_63" pintype="bidirectional"/>
    </net>
    <net code="52" name="unconnected-(U1-Pad42)">
      <node ref="U1" pin="42" pinfunction="IOB_64" pintype="bidirectional"/>
    </net>
    <net code="53" name="unconnected-(U1-Pad43)">
      <node ref="U1" pin="43" pinfunction="IOB_71" pintype="bidirectional"/>
    </net>
    <net code="54" name="unconnected-(U1-Pad44)">
      <node ref="U1" pin="44" pinfunction="IOB_72" pintype="bidirectional"/>
    </net>
    <net code="55" name="unconnected-(U1-Pad45)">
      <node ref="U1" pin="45" pinfunction="IOB_73" pintype="bidirectional"/>
    </net>
    <net code="56" name="unconnected-(U1-Pad47)">
      <node ref="U1" pin="47" pinfunction="IOB_79" pintype="bidirectional"/>
    </net>
    <net code="57" name="unconnected-(U1-Pad48)">
      <node ref="U1" pin="48" pinfunction="IOB_80" pintype="bidirectional"/>
    </net>
    <net code="58" name="unconnected-(U1-Pad49)">
      <node ref="U1" pin="49" pinfunction="IOB_81_GBIN5" pintype="bidirectional"/>
    </net>
    <net code="59" name="unconnected-(U1-Pad50)">
      <node ref="U1" pin="50" pinfunction="NC" pintype="no_connect"/>
    </net>
    <net code="60" name="unconnected-(U1-Pad51)">
      <node ref="U1" pin="51" pinfunction="NC" pintype="no_connect"/>
    </net>
    <net code="61" name="unconnected-(U1-Pad52)">
      <node ref="U1" pin="52" pinfunction="IOB_82_GBIN4" pintype="bidirectional"/>
    </net>
    <net code="62" name="unconnected-(U1-Pad53)">
      <node ref="U1" pin="53" pinfunction="GNDPLL0" pintype="power_in"/>
    </net>
    <net code="63" name="unconnected-(U1-Pad54)">
      <node ref="U1" pin="54" pinfunction="VCCPLL0" pintype="power_in"/>
    </net>
    <net code="64" name="unconnected-(U1-Pad55)">
      <node ref="U1" pin="55" pinfunction="IOB_91" pintype="bidirectional"/>
    </net>
    <net code="65" name="unconnected-(U1-Pad56)">
      <node ref="U1" pin="56" pinfunction="IOB_94" pintype="bidirectional"/>
    </net>
    <net code="66" name="unconnected-(U1-Pad58)">
      <node ref="U1" pin="58" pinfunction="NC" pintype="no_connect"/>
    </net>
    <net code="67" name="unconnected-(U1-Pad60)">
      <node ref="U1" pin="60" pinfunction="IOB_95" pintype="bidirectional"/>
    </net>
    <net code="68" name="unconnected-(U1-Pad61)">
      <node ref="U1" pin="61" pinfunction="IOB_96" pintype="bidirectional"/>
    </net>
    <net code="69" name="unconnected-(U1-Pad62)">
      <node ref="U1" pin="62" pinfunction="IOB_102" pintype="bidirectional"/>
    </net>
    <net code="70" name="unconnected-(U1-Pad63)">
      <node ref="U1" pin="63" pinfunction="IOB_103_CBSEL0" pintype="bidirectional"/>
    </net>
    <net code="71" name="unconnected-(U1-Pad64)">
      <node ref="U1" pin="64" pinfunction="IOB_104_CBSEL1" pintype="bidirectional"/>
    </net>
    <net code="72" name="unconnected-(U1-Pad65)">
      <node ref="U1" pin="65" pinfunction="CDONE" pintype="open_collector"/>
    </net>
    <net code="73" name="unconnected-(U1-Pad66)">
      <node ref="U1" pin="66" pinfunction="~{CRESET}" pintype="input"/>
    </net>
    <net code="74" name="unconnected-(U1-Pad67)">
      <node ref="U1" pin="67" pinfunction="IOB_105_SDO" pintype="bidirectional"/>
    </net>
    <net code="75" name="unconnected-(U1-Pad68)">
      <node ref="U1" pin="68" pinfunction="IOB_106_SDI" pintype="bidirectional"/>
    </net>
    <net code="76" name="unconnected-(U1-Pad70)">
      <node ref="U1" pin="70" pinfunction="IOB_107_SCK" pintype="bidirectional"/>
    </net>
    <net code="77" name="unconnected-(U1-Pad71)">
      <node ref="U1" pin="71" pinfunction="IOB_108_SS" pintype="bidirectional"/>
    </net>
    <net code="78" name="unconnected-(U1-Pad72)">
      <node ref="U1" pin="72" pinfunction="VCC_SPI" pintype="power_in"/>
    </net>
    <net code="79" name="unconnected-(U1-Pad73)">
      <node ref="U1" pin="73" pinfunction="IOR_109" pintype="bidirectional"/>
    </net>
    <net code="80" name="unconnected-(U1-Pad74)">
      <node ref="U1" pin="74" pinfunction="IOR_110" pintype="bidirectional"/>
    </net>
    <net code="81" name="unconnected-(U1-Pad75)">
      <node ref="U1" pin="75" pinfunction="IOR_111" pintype="bidirectional"/>
    </net>
    <net code="82" name="unconnected-(U1-Pad76)">
      <node ref="U1" pin="76" pinfunction="IOR_112" pintype="bidirectional"/>
    </net>
    <net code="83" name="unconnected-(U1-Pad77)">
      <node ref="U1" pin="77" pinfunction="NC" pintype="no_connect"/>
    </net>
    <net code="84" name="unconnected-(U1-Pad78)">
      <node ref="U1" pin="78" pinfunction="IOR_114" pintype="bidirectional"/>
    </net>
    <net code="85" name="unconnected-(U1-Pad79)">
      <node ref="U1" pin="79" pinfunction="IOR_115" pintype="bidirectional"/>
    </net>
    <net code="86" name="unconnected-(U1-Pad80)">
      <node ref="U1" pin="80" pinfunction="IOR_116" pintype="bidirectional"/>
    </net>
    <net code="87" name="unconnected-(U1-Pad81)">
      <node ref="U1" pin="81" pinfunction="IOR_117" pintype="bidirectional"/>
    </net>
    <net code="88" name="unconnected-(U1-Pad82)">
      <node ref="U1" pin="82" pinfunction="IOR_118" pintype="bidirectional"/>
    </net>
    <net code="89" name="unconnected-(U1-Pad83)">
      <node ref="U1" pin="83" pinfunction="IOR_119" pintype="bidirectional"/>
    </net>
    <net code="90" name="unconnected-(U1-Pad84)">
      <node ref="U1" pin="84" pinfunction="IOR_120" pintype="bidirectional"/>
    </net>
    <net code="91" name="unconnected-(U1-Pad85)">
      <node ref="U1" pin="85" pinfunction="IOR_128" pintype="bidirectional"/>
    </net>
    <net code="92" name="unconnected-(U1-Pad87)">
      <node ref="U1" pin="87" pinfunction="IOR_136" pintype="bidirectional"/>
    </net>
    <net code="93" name="unconnected-(U1-Pad88)">
      <node ref="U1" pin="88" pinfunction="IOR_137" pintype="bidirectional"/>
    </net>
    <net code="94" name="unconnected-(U1-Pad90)">
      <node ref="U1" pin="90" pinfunction="IOR_138" pintype="bidirectional"/>
    </net>
    <net code="95" name="unconnected-(U1-Pad91)">
      <node ref="U1" pin="91" pinfunction="IOR_139" pintype="bidirectional"/>
    </net>
    <net code="96" name="unconnected-(U1-Pad93)">
      <node ref="U1" pin="93" pinfunction="IOR_140_GBIN3" pintype="bidirectional"/>
    </net>
    <net code="97" name="unconnected-(U1-Pad94)">
      <node ref="U1" pin="94" pinfunction="IOR_141_GBIN2" pintype="bidirectional"/>
    </net>
    <net code="98" name="unconnected-(U1-Pad95)">
      <node ref="U1" pin="95" pinfunction="IOR_144" pintype="bidirectional"/>
    </net>
    <net code="99" name="unconnected-(U1-Pad96)">
      <node ref="U1" pin="96" pinfunction="IOR_146" pintype="bidirectional"/>
    </net>
    <net code="100" name="unconnected-(U1-Pad97)">
      <node ref="U1" pin="97" pinfunction="IOR_147" pintype="bidirectional"/>
    </net>
    <net code="101" name="unconnected-(U1-Pad98)">
      <node ref="U1" pin="98" pinfunction="IOR_148" pintype="bidirectional"/>
    </net>
    <net code="102" name="unconnected-(U1-Pad99)">
      <node ref="U1" pin="99" pinfunction="IOR_152" pintype="bidirectional"/>
    </net>
    <net code="103" name="unconnected-(U1-Pad101)">
      <node ref="U1" pin="101" pinfunction="IOR_160" pintype="bidirectional"/>
    </net>
    <net code="104" name="unconnected-(U1-Pad102)">
      <node ref="U1" pin="102" pinfunction="IOR_161" pintype="bidirectional"/>
    </net>
    <net code="105" name="unconnected-(U1-Pad104)">
      <node ref="U1" pin="104" pinfunction="IOR_164" pintype="bidirectional"/>
    </net>
    <net code="106" name="unconnected-(U1-Pad105)">
      <node ref="U1" pin="105" pinfunction="IOR_165" pintype="bidirectional"/>
    </net>
    <net code="107" name="unconnected-(U1-Pad106)">
      <node ref="U1" pin="106" pinfunction="IOR_166" pintype="bidirectional"/>
    </net>
    <net code="108" name="unconnected-(U1-Pad107)">
      <node ref="U1" pin="107" pinfunction="IOR_167" pintype="bidirectional"/>
    </net>
    <net code="109" name="unconnected-(U1-Pad108)">
      <node ref="U1" pin="108" pinfunction="VPP_2V5" pintype="power_in"/>
    </net>
    <net code="110" name="unconnected-(U1-Pad109)">
      <node ref="U1" pin="109" pinfunction="VPP_FAST" pintype="power_in"/>
    </net>
    <net code="111" name="unconnected-(U1-Pad110)">
      <node ref="U1" pin="110" pinfunction="IOT_168" pintype="bidirectional"/>
    </net>
    <net code="112" name="unconnected-(U1-Pad112)">
      <node ref="U1" pin="112" pinfunction="IOT_169" pintype="bidirectional"/>
    </net>
    <net code="113" name="unconnected-(U1-Pad113)">
      <node ref="U1" pin="113" pinfunction="IOT_170" pintype="bidirectional"/>
    </net>
    <net code="114" name="unconnected-(U1-Pad114)">
      <node ref="U1" pin="114" pinfunction="IOT_171" pintype="bidirectional"/>
    </net>
    <net code="115" name="unconnected-(U1-Pad115)">
      <node ref="U1" pin="115" pinfunction="IOT_172" pintype="bidirectional"/>
    </net>
    <net code="116" name="unconnected-(U1-Pad116)">
      <node ref="U1" pin="116" pinfunction="IOT_173" pintype="bidirectional"/>
    </net>
    <net code="117" name="unconnected-(U1-Pad117)">
      <node ref="U1" pin="117" pinfunction="IOT_174" pintype="bidirectional"/>
    </net>
    <net code="118" name="unconnected-(U1-Pad118)">
      <node ref="U1" pin="118" pinfunction="IOT_177" pintype="bidirectional"/>
    </net>
    <net code="119" name="unconnected-(U1-Pad119)">
      <node ref="U1" pin="119" pinfunction="IOT_178" pintype="bidirectional"/>
    </net>
    <net code="120" name="unconnected-(U1-Pad120)">
      <node ref="U1" pin="120" pinfunction="IOT_179" pintype="bidirectional"/>
    </net>
    <net code="121" name="unconnected-(U1-Pad121)">
      <node ref="U1" pin="121" pinfunction="IOT_181" pintype="bidirectional"/>
    </net>
    <net code="122" name="unconnected-(U1-Pad122)">
      <node ref="U1" pin="122" pinfunction="IOT_190" pintype="bidirectional"/>
    </net>
    <net code="123" name="unconnected-(U1-Pad124)">
      <node ref="U1" pin="124" pinfunction="IOT_191" pintype="bidirectional"/>
    </net>
    <net code="124" name="unconnected-(U1-Pad125)">
      <node ref="U1" pin="125" pinfunction="IOT_192" pintype="bidirectional"/>
    </net>
    <net code="125" name="unconnected-(U1-Pad126)">
      <node ref="U1" pin="126" pinfunction="VCCPLL1" pintype="power_in"/>
    </net>
    <net code="126" name="unconnected-(U1-Pad127)">
      <node ref="U1" pin="127" pinfunction="GNDPLL1" pintype="power_in"/>
    </net>
    <net code="127" name="unconnected-(U1-Pad128)">
      <node ref="U1" pin="128" pinfunction="IOT_197_GBIN1" pintype="bidirectional"/>
    </net>
    <net code="128" name="unconnected-(U1-Pad129)">
      <node ref="U1" pin="129" pinfunction="IOT_198_GBIN0" pintype="bidirectional"/>
    </net>
    <net code="129" name="unconnected-(U1-Pad130)">
      <node ref="U1" pin="130" pinfunction="IOT_206" pintype="bidirectional"/>
    </net>
    <net code="130" name="unconnected-(U1-Pad133)">
      <node ref="U1" pin="133" pinfunction="NC" pintype="no_connect"/>
    </net>
    <net code="131" name="unconnected-(U1-Pad134)">
      <node ref="U1" pin="134" pinfunction="IOT_212" pintype="bidirectional"/>
    </net>
    <net code="132" name="unconnected-(U1-Pad135)">
      <node ref="U1" pin="135" pinfunction="IOT_213" pintype="bidirectional"/>
    </net>
    <net code="133" name="unconnected-(U1-Pad136)">
      <node ref="U1" pin="136" pinfunction="IOT_214" pintype="bidirectional"/>
    </net>
    <net code="134" name="unconnected-(U1-Pad137)">
      <node ref="U1" pin="137" pinfunction="IOT_215" pintype="bidirectional"/>
    </net>
    <net code="135" name="unconnected-(U1-Pad138)">
      <node ref="U1" pin="138" pinfunction="IOT_216" pintype="bidirectional"/>
    </net>
    <net code="136" name="unconnected-(U1-Pad139)">
      <node ref="U1" pin="139" pinfunction="IOT_217" pintype="bidirectional"/>
    </net>
    <net code="137" name="unconnected-(U1-Pad141)">
      <node ref="U1" pin="141" pinfunction="IOT_219" pintype="bidirectional"/>
    </net>
    <net code="138" name="unconnected-(U1-Pad142)">
      <node ref="U1" pin="142" pinfunction="IOT_220" pintype="bidirectional"/>
    </net>
    <net code="139" name="unconnected-(U1-Pad143)">
      <node ref="U1" pin="143" pinfunction="IOT_221" pintype="bidirectional"/>
    </net>
    <net code="140" name="unconnected-(U1-Pad144)">
      <node ref="U1" pin="144" pinfunction="IOT_222" pintype="bidirectional"/>
    </net>
    <net code="141" name="unconnected-(U2-Pad3)">
      <node ref="U2" pin="3" pinfunction="VI" pintype="power_in"/>
    </net>
    <net code="142" name="unconnected-(U3-Pad3)">
      <node ref="U3" pin="3" pinfunction="VI" pintype="power_in"/>
    </net>
    <net code="143" name="unconnected-(U4-Pad3)">
      <node ref="U4" pin="3" pinfunction="VI" pintype="power_in"/>
    </net>
    <net code="144" name="unconnected-(U5-Pad1)">
      <node ref="U5" pin="1" pinfunction="GND" pintype="power_in"/>
    </net>
    <net code="145" name="unconnected-(U5-Pad2)">
      <node ref="U5" pin="2" pinfunction="OSCI" pintype="input"/>
    </net>
    <net code="146" name="unconnected-(U5-Pad3)">
      <node ref="U5" pin="3" pinfunction="OSCO" pintype="output"/>
    </net>
    <net code="147" name="unconnected-(U5-Pad4)">
      <node ref="U5" pin="4" pinfunction="VPHY" pintype="power_in"/>
    </net>
    <net code="148" name="unconnected-(U5-Pad5)">
      <node ref="U5" pin="5" pinfunction="GND" pintype="power_in"/>
    </net>
    <net code="149" name="unconnected-(U5-Pad6)">
      <node ref="U5" pin="6" pinfunction="REF" pintype="output"/>
    </net>
    <net code="150" name="unconnected-(U5-Pad7)">
      <node ref="U5" pin="7" pinfunction="DM" pintype="bidirectional"/>
    </net>
    <net code="151" name="unconnected-(U5-Pad8)">
      <node ref="U5" pin="8" pinfunction="DP" pintype="bidirectional"/>
    </net>
    <net code="152" name="unconnected-(U5-Pad9)">
      <node ref="U5" pin="9" pinfunction="VPLL" pintype="input"/>
    </net>
    <net code="153" name="unconnected-(U5-Pad10)">
      <node ref="U5" pin="10" pinfunction="AGND" pintype="power_in"/>
    </net>
    <net code="154" name="unconnected-(U5-Pad11)">
      <node ref="U5" pin="11" pinfunction="GND" pintype="power_in"/>
    </net>
    <net code="155" name="unconnected-(U5-Pad12)">
      <node ref="U5" pin="12" pinfunction="VCORE" pintype="power_in"/>
    </net>
    <net code="156" name="unconnected-(U5-Pad13)">
      <node ref="U5" pin="13" pinfunction="TEST" pintype="input"/>
    </net>
    <net code="157" name="unconnected-(U5-Pad14)">
      <node ref="U5" pin="14" pinfunction="~{RESET}" pintype="input"/>
    </net>
    <net code="158" name="unconnected-(U5-Pad15)">
      <node ref="U5" pin="15" pinfunction="GND" pintype="power_in"/>
    </net>
    <net code="159" name="unconnected-(U5-Pad16)">
      <node ref="U5" pin="16" pinfunction="ADBUS0" pintype="bidirectional"/>
    </net>
    <net code="160" name="unconnected-(U5-Pad17)">
      <node ref="U5" pin="17" pinfunction="ADBUS1" pintype="bidirectional"/>
    </net>
    <net code="161" name="unconnected-(U5-Pad18)">
      <node ref="U5" pin="18" pinfunction="ADBUS2" pintype="bidirectional"/>
    </net>
    <net code="162" name="unconnected-(U5-Pad19)">
      <node ref="U5" pin="19" pinfunction="ADBUS3" pintype="bidirectional"/>
    </net>
    <net code="163" name="unconnected-(U5-Pad20)">
      <node ref="U5" pin="20" pinfunction="VCCIO" pintype="power_in"/>
    </net>
    <net code="164" name="unconnected-(U5-Pad21)">
      <node ref="U5" pin="21" pinfunction="ADBUS4" pintype="bidirectional"/>
    </net>
    <net code="165" name="unconnected-(U5-Pad22)">
      <node ref="U5" pin="22" pinfunction="ADBUS5" pintype="bidirectional"/>
    </net>
    <net code="166" name="unconnected-(U5-Pad23)">
      <node ref="U5" pin="23" pinfunction="ADBUS6" pintype="bidirectional"/>
    </net>
    <net code="167" name="unconnected-(U5-Pad24)">
      <node ref="U5" pin="24" pinfunction="ADBUS7" pintype="bidirectional"/>
    </net>
    <net code="168" name="unconnected-(U5-Pad25)">
      <node ref="U5" pin="25" pinfunction="GND" pintype="power_in"/>
    </net>
    <net code="169" name="unconnected-(U5-Pad26)">
      <node ref="U5" pin="26" pinfunction="ACBUS0" pintype="bidirectional"/>
    </net>
    <net code="170" name="unconnected-(U5-Pad27)">
      <node ref="U5" pin="27" pinfunction="ACBUS1" pintype="bidirectional"/>
    </net>
    <net code="171" name="unconnected-(U5-Pad28)">
      <node ref="U5" pin="28" pinfunction="ACBUS2" pintype="bidirectional"/>
    </net>
    <net code="172" name="unconnected-(U5-Pad29)">
      <node ref="U5" pin="29" pinfunction="ACBUS3" pintype="bidirectional"/>
    </net>
    <net code="173" name="unconnected-(U5-Pad30)">
      <node ref="U5" pin="30" pinfunction="ACBUS4" pintype="bidirectional"/>
    </net>
    <net code="174" name="unconnected-(U5-Pad31)">
      <node ref="U5" pin="31" pinfunction="VCCIO" pintype="power_in"/>
    </net>
    <net code="175" name="unconnected-(U5-Pad32)">
      <node ref="U5" pin="32" pinfunction="ACBUS5" pintype="bidirectional"/>
    </net>
    <net code="176" name="unconnected-(U5-Pad33)">
      <node ref="U5" pin="33" pinfunction="ACBUS6" pintype="bidirectional"/>
    </net>
    <net code="177" name="unconnected-(U5-Pad34)">
      <node ref="U5" pin="34" pinfunction="ACBUS7" pintype="bidirectional"/>
    </net>
    <net code="178" name="unconnected-(U5-Pad35)">
      <node ref="U5" pin="35" pinfunction="GND" pintype="power_in"/>
    </net>
    <net code="179" name="unconnected-(U5-Pad36)">
      <node ref="U5" pin="36" pinfunction="~{SUSPEND}" pintype="output"/>
    </net>
    <net code="180" name="unconnected-(U5-Pad37)">
      <node ref="U5" pin="37" pinfunction="VCORE" pintype="power_in"/>
    </net>
    <net code="181" name="unconnected-(U5-Pad38)">
      <node ref="U5" pin="38" pinfunction="BDBUS0" pintype="bidirectional"/>
    </net>
    <net code="182" name="unconnected-(U5-Pad39)">
      <node ref="U5" pin="39" pinfunction="BDBUS1" pintype="bidirectional"/>
    </net>
    <net code="183" name="unconnected-(U5-Pad40)">
      <node ref="U5" pin="40" pinfunction="BDBUS2" pintype="bidirectional"/>
    </net>
    <net code="184" name="unconnected-(U5-Pad41)">
      <node ref="U5" pin="41" pinfunction="BDBUS3" pintype="bidirectional"/>
    </net>
    <net code="185" name="unconnected-(U5-Pad42)">
      <node ref="U5" pin="42" pinfunction="VCCIO" pintype="power_in"/>
    </net>
    <net code="186" name="unconnected-(U5-Pad43)">
      <node ref="U5" pin="43" pinfunction="BDBUS4" pintype="bidirectional"/>
    </net>
    <net code="187" name="unconnected-(U5-Pad44)">
      <node ref="U5" pin="44" pinfunction="BDBUS5" pintype="bidirectional"/>
    </net>
    <net code="188" name="unconnected-(U5-Pad45)">
      <node ref="U5" pin="45" pinfunction="BDBUS6" pintype="bidirectional"/>
    </net>
    <net code="189" name="unconnected-(U5-Pad46)">
      <node ref="U5" pin="46" pinfunction="BDBUS7" pintype="bidirectional"/>
    </net>
    <net code="190" name="unconnected-(U5-Pad47)">
      <node ref="U5" pin="47" pinfunction="GND" pintype="power_in"/>
    </net>
    <net code="191" name="unconnected-(U5-Pad48)">
      <node ref="U5" pin="48" pinfunction="BCBUS0" pintype="bidirectional"/>
    </net>
    <net code="192" name="unconnected-(U5-Pad49)">
      <node ref="U5" pin="49" pinfunction="VREGOUT" pintype="power_out"/>
    </net>
    <net code="193" name="unconnected-(U5-Pad50)">
      <node ref="U5" pin="50" pinfunction="VREGIN" pintype="power_in"/>
    </net>
    <net code="194" name="unconnected-(U5-Pad51)">
      <node ref="U5" pin="51" pinfunction="GND" pintype="power_in"/>
    </net>
    <net code="195" name="unconnected-(U5-Pad52)">
      <node ref="U5" pin="52" pinfunction="BCBUS1" pintype="bidirectional"/>
    </net>
    <net code="196" name="unconnected-(U5-Pad53)">
      <node ref="U5" pin="53" pinfunction="BCBUS2" pintype="bidirectional"/>
    </net>
    <net code="197" name="unconnected-(U5-Pad54)">
      <node ref="U5" pin="54" pinfunction="BCBUS3" pintype="bidirectional"/>
    </net>
    <net code="198" name="unconnected-(U5-Pad55)">
      <node ref="U5" pin="55" pinfunction="BCBUS4" pintype="bidirectional"/>
    </net>
    <net code="199" name="unconnected-(U5-Pad56)">
      <node ref="U5" pin="56" pinfunction="VCCIO" pintype="power_in"/>
    </net>
    <net code="200" name="unconnected-(U5-Pad57)">
      <node ref="U5" pin="57" pinfunction="BCBUS5" pintype="bidirectional"/>
    </net>
    <net code="201" name="unconnected-(U5-Pad58)">
      <node ref="U5" pin="58" pinfunction="BCBUS6" pintype="bidirectional"/>
    </net>
    <net code="202" name="unconnected-(U5-Pad59)">
      <node ref="U5" pin="59" pinfunction="BCBUS7" pintype="bidirectional"/>
    </net>
    <net code="203" name="unconnected-(U5-Pad60)">
      <node ref="U5" pin="60" pinfunction="~{PWREN}" pintype="output"/>
    </net>
    <net code="204" name="unconnected-(U5-Pad61)">
      <node ref="U5" pin="61" pinfunction="EEDATA" pintype="bidirectional"/>
    </net>
    <net code="205" name="unconnected-(U5-Pad62)">
      <node ref="U5" pin="62" pinfunction="EECLK" pintype="output"/>
    </net>
    <net code="206" name="unconnected-(U5-Pad63)">
      <node ref="U5" pin="63" pinfunction="EECS" pintype="output"/>
    </net>
    <net code="207" name="unconnected-(U5-Pad64)">
      <node ref="U5" pin="64" pinfunction="VCORE" pintype="power_in"/>
    </net>
    <net code="208" name="unconnected-(U5-Pad65)">
      <node ref="U5" pin="65" pinfunction="GND" pintype="power_in"/>
    </net>
  </nets>
</export>
