"Source:","/home/userpz/Documents/KiCad Projects/Argon Core/Argon Core.kicad_sch"
"Date:","Thu 19 Sep 2024 04:18:04 PM EDT"
"Tool:","Eeschema 6.0.2+dfsg-1"
"Generator:","/usr/share/kicad/plugins/bom_csv_grouped_by_value.py"
"Component Count:","8"

"Individual Components:"

"Item","Qty","Reference(s)","Value","LibPart","Footprint","Datasheet","MPN"
"","","J1","USB_C_Receptacle_USB2.0","Connector:USB_C_Receptacle_USB2.0","Connector_USB:USB_C_Receptacle_GCT_USB4085","https://www.usb.org/sites/default/files/documents/usb_type-c.zip",""
"","","R1","5k1","Device:R","","~","694106301002"
"","","R2","5k1","Device:R","","~","694106301002"
"","","U1","ICE40HX4K-TQ144","FPGA_Lattice:ICE40HX4K-TQ144","Package_QFP:TQFP-144_20x20mm_P0.5mm","http://www.latticesemi.com/Products/FPGAandCPLD/iCE40",""
"","","U2","AZ1117-1.2","Regulator_Linear:AZ1117-1.2","Package_TO_SOT_SMD:SOT-223-3_TabPin2","https://www.diodes.com/assets/Datasheets/AZ1117.pdf",""
"","","U3","AP1117-18","Regulator_Linear:AP1117-18","Package_TO_SOT_SMD:SOT-223-3_TabPin2","http://www.diodes.com/datasheets/AP1117.pdf",""
"","","U4","AP1117-33","Regulator_Linear:AP1117-33","Package_TO_SOT_SMD:SOT-223-3_TabPin2","http://www.diodes.com/datasheets/AP1117.pdf",""
"","","U5","FT2232HQ","Interface_USB:FT2232HQ","Package_DFN_QFN:QFN-64-1EP_9x9mm_P0.5mm_EP4.35x4.35mm","https://www.ftdichip.com/Support/Documents/DataSheets/ICs/DS_FT2232H.pdf",""



"Collated Components:"

"Item","Qty","Reference(s)","Value","LibPart","Footprint","Datasheet","MPN"
"1","1","J1","USB_C_Receptacle_USB2.0","Connector:USB_C_Receptacle_USB2.0","Connector_USB:USB_C_Receptacle_GCT_USB4085","https://www.usb.org/sites/default/files/documents/usb_type-c.zip",""
"2","2","R1, R2","5k1","Device:R","","~","694106301002"
"3","1","U1","ICE40HX4K-TQ144","FPGA_Lattice:ICE40HX4K-TQ144","Package_QFP:TQFP-144_20x20mm_P0.5mm","http://www.latticesemi.com/Products/FPGAandCPLD/iCE40",""
"4","1","U2","AZ1117-1.2","Regulator_Linear:AZ1117-1.2","Package_TO_SOT_SMD:SOT-223-3_TabPin2","https://www.diodes.com/assets/Datasheets/AZ1117.pdf",""
"5","1","U3","AP1117-18","Regulator_Linear:AP1117-18","Package_TO_SOT_SMD:SOT-223-3_TabPin2","http://www.diodes.com/datasheets/AP1117.pdf",""
"6","1","U4","AP1117-33","Regulator_Linear:AP1117-33","Package_TO_SOT_SMD:SOT-223-3_TabPin2","http://www.diodes.com/datasheets/AP1117.pdf",""
"7","1","U5","FT2232HQ","Interface_USB:FT2232HQ","Package_DFN_QFN:QFN-64-1EP_9x9mm_P0.5mm_EP4.35x4.35mm","https://www.ftdichip.com/Support/Documents/DataSheets/ICs/DS_FT2232H.pdf",""
